Parameter,Value
koff,0.0552796553781719
kon,0.05025423216197445
Kd_app,1.1
