Parameter,Value
koff,102.30698234839859
kon,93.00634758945326
Kd_app,1.1
