Parameter,Value
koff,1.0
kon,0.7005554014242106
Kd_app,1.427438854895739
