Parameter,Value
koff,189.74057901898598
kon,3.584958529302618e-11
Kd_app,5292685465343.338
